schemeId,schemeName,governmentLevel,ministryDepartment,targetBeneficiary,genderEligibility,ageCriteria,statesCovered,incomeCriteria,socialCategoryEligibility,businessTypes,businessStage,eligibilityCriteria,benefitType,maximumBenefit,requiredDocuments,applicationMethod,officialApplicationUrl,sourceUrl,lastUpdated,notes,csvSchemeId
SS-0001,Stand-Up India,Central,Finance,Women entrepreneurs; SC/ST entrepreneurs,Women / SC/ST,18+,All India,Not specified,Women / SC/ST,Greenfield enterprise,New,Eligible women or SC/ST entrepreneurs establishing greenfield enterprise,Loan,Verify current terms,Verify current guidelines,Bank / official portal,https://www.standupmitra.in/,https://www.myscheme.gov.in/schemes/sui,2026-09-04,Prototype dataset; verify current scheme guidelines before production use.,SCH004
SS-0002,Women Entrepreneurship Platform (WEP),Central,NITI Aayog,Women entrepreneurs,Female,Varies by programme,India,Varies,Women,Entrepreneurship support,New / Existing,Platform supporting women entrepreneurs through ecosystem resources and support,Information / ecosystem support,Varies,Varies,Online,https://www.niti.gov.in/women-entrepreneurship-platform,https://www.niti.gov.in/women-entrepreneurship-platform,2026-09-04,Prototype dataset; verify current scheme guidelines before production use.,WEP
SS-0003,Credit Guarantee Scheme for Micro & Small Enterprises (CGTMSE),Central,Ministry of MSME / SIDBI,Micro and small enterprise entrepreneurs,Any,18+ where applicable,India,Not specified,Any,Micro / Small enterprise,New / Existing,Credit guarantee support for eligible MSE loans through member lending institutions,Credit guarantee,Verify current ceiling,Verify lender requirements,Through member lending institution,https://www.cgtmse.in/,https://www.cgtmse.in/,2026-09-04,Prototype dataset; verify current scheme guidelines before production use.,SCH002
SS-0004,Mahila Coir Yojana,Central,Coir Board / Ministry of MSME,Rural women artisans / entrepreneurs in coir sector,Female,Verify current guideline,India,Not specified,Women,Coir / village industry,New / Existing,Skill development and support for women in coir-related activities,Training / support,Verify current guideline,Verify current guideline,Coir Board channels,https://coirboard.gov.in/,https://www.myscheme.gov.in/search/ministry/Ministry%20Of%20Micro%2C%20Small%20and%20Medium%20Enterprises,2026-09-04,Prototype dataset; verify current scheme guidelines before production use.,SCH026
SS-0005,Prime Minister's Employment Generation Programme (PMEGP),Central,Ministry of MSME,Individuals / entrepreneurs establishing new micro-enterprises,Any,18+,India,Not specified,Any / special categories,Manufacturing / Service,New,Supports establishment of new micro-enterprises in rural and urban areas,Credit-linked subsidy,Verify current project-cost limits,Verify current guideline,Online,https://www.kviconline.gov.in/pmegpeportal/,https://www.myscheme.gov.in/schemes/pmegp,2026-09-04,Prototype dataset; verify current scheme guidelines before production use.,SCH001
SS-0006,Pradhan Mantri MUDRA Yojana (PMMY),Central,"Department of Financial Services, Ministry of Finance",Micro / small non-corporate businesses,Any,Verify current lender terms,India,Not specified,Any,Non-corporate micro business,New / Existing,Loans for eligible micro enterprises and non-corporate small businesses,Business loan,Verify current categories/limits,KYC and lender-specific documents,Banks / NBFCs / MFIs,https://www.mudra.org.in/,https://www.myscheme.gov.in/,2026-09-04,Prototype dataset; verify current scheme guidelines before production use.,SCH003
SS-0007,PM Formalisation of Micro Food Processing Enterprises (PMFME),Central,Ministry of Food Processing Industries,Micro food-processing enterprises,Any,Verify current guideline,India,Verify current guideline,Any; targeted support may apply,Food processing,Existing / eligible new activity,Support for formalisation and upgrading of micro food-processing enterprises,Credit-linked subsidy / support,Verify current guideline,Verify current guideline,Official PMFME channels,https://pmfme.mofpi.gov.in/,https://www.myscheme.gov.in/schemes/pmfmpe,2026-09-04,Prototype dataset; verify current scheme guidelines before production use.,SCH006
SS-0008,PM Vishwakarma,Central,Ministry of MSME,Traditional artisans and craftspeople,Any,Verify current guideline,India,Not specified,Any,Specified traditional trades,Existing artisan activity,End-to-end support for eligible artisans and craftspeople,Credit / training / toolkit / support,Verify current guideline,Aadhaar and scheme-specific documents,Official enrolment channels,https://pmvishwakarma.gov.in/,https://www.myscheme.gov.in/schemes/pmv,2026-09-04,Prototype dataset; verify current scheme guidelines before production use.,SCH005
SS-0009,New Entrepreneur-cum-Enterprise Development Scheme (NEEDS),State,Government of Tamil Nadu,Young first-generation entrepreneurs,Any,21–45 (verify current guideline),Tamil Nadu,Verify current guideline,Any,Manufacturing / Service,New,Training and financial assistance for young first-generation entrepreneurs,Subsidy / loan support,Verify current guideline,Verify current guideline,State implementing agency,https://www.myscheme.gov.in/schemes/needs,https://www.myscheme.gov.in/schemes/needs,2026-09-04,Prototype dataset; verify current scheme guidelines before production use.,NEEDS
SS-0010,Startup India Seed Fund Scheme (SISFS),Central,"DPIIT, Ministry of Commerce & Industry",Eligible startups / founders,Any,Startup eligibility applies,India,Not applicable,Any,Innovation / startup,Early-stage,"Financial assistance for proof of concept, prototype development, product trials and market entry",Grant / investment support,Verify current guidelines,Startup-specific documents,Approved incubators,https://www.startupindia.gov.in/,https://www.myscheme.gov.in/schemes/sisfs-fs,2026-09-04,Prototype dataset; verify current scheme guidelines before production use.,SCH029
SS-0011,Prime Minister's Employment Generation Programme (PMEGP) - Youth/self-employment use case,Central,Ministry of MSME,Unemployed youth / aspiring micro-enterprise entrepreneurs,Any,18+,India,Not specified,Any / special categories,Manufacturing / Service,New,Credit-linked support for new micro-enterprises and self-employment,Credit-linked subsidy,Verify current limits,Verify current guideline,Online,https://www.kviconline.gov.in/pmegpeportal/,https://www.myscheme.gov.in/schemes/pmegp,2026-09-04,Prototype dataset; verify current scheme guidelines before production use.,SCH001-YOUTH
SS-0012,National SC-ST Hub,Central,Ministry of MSME,SC/ST entrepreneurs / MSEs,Any,Verify current guideline,India,Not specified,SC/ST,MSME / manufacturing / services,New / Existing,Support for SC/ST entrepreneurs to participate in public procurement and strengthen enterprises,Capacity building / support,Varies by component,Verify current guideline,Official programme channels,https://www.scsthub.in/,https://www.scsthub.in/,2026-09-04,Prototype dataset; verify current scheme guidelines before production use.,SCH012
SS-0013,National Safai Karamcharis Finance & Development Corporation (NSKFDC) schemes,Central,Ministry of Social Justice & Empowerment,Safai karamcharis and eligible dependents,Any,Verify current guideline,India,Income criteria may apply,Targeted beneficiary group,Self-employment / business,New / Existing,Concessional finance and support for self-employment activities for eligible beneficiaries,Concessional loan / support,Verify current guideline,Verify current guideline,NSKFDC / channel partners,https://nskfdc.nic.in/,https://nskfdc.nic.in/,2026-09-04,Prototype dataset; verify current scheme guidelines before production use.,NSKFDC
SS-0014,PM Vishwakarma,Central,Ministry of MSME,"Traditional artisans, including marginalized artisan groups",Any,Verify current guideline,India,Not specified,Any; occupation-based,Traditional trades,Existing artisan activity,"Credit, training, toolkit and market-support ecosystem for eligible artisans",Credit / training / toolkit / support,Verify current guideline,Verify current guideline,Official enrolment channels,https://pmvishwakarma.gov.in/,https://www.myscheme.gov.in/schemes/pmv,2026-09-04,Prototype dataset; verify current scheme guidelines before production use.,SCH005-ARTISAN
SS-0015,PM SVANidhi,Central,Ministry of Housing & Urban Affairs,Street vendors,Any,Verify current guideline,Eligible urban areas / India,Not specified,Any,Street vending,Existing,Micro-credit and handholding support for street vendors,Micro-credit / interest support,Verify current terms,Verify current guideline,Official PM SVANidhi channels,https://pmsvanidhi.mohua.gov.in/,https://www.myscheme.gov.in/schemes/pm-svanidhi,2026-09-04,Prototype dataset; verify current scheme guidelines before production use.,SCH007
SS-0016,Coir Udyami Yojana,Central,Coir Board / Ministry of MSME,Entrepreneurs in coir industry,Any,Verify current guideline,India,Not specified,Any,Coir manufacturing / processing,New / Existing,Financial support to modernize coir industry and generate rural employment,Loan / subsidy support,Verify current guideline,Verify current guideline,Coir Board channels,https://coirboard.gov.in/,https://www.myscheme.gov.in/search/ministry/Ministry%20Of%20Micro%2C%20Small%20and%20Medium%20Enterprises,2026-09-04,Prototype dataset; verify current scheme guidelines before production use.,SCH024
SS-0017,Khadi and Village Industries support / KVIC programmes,Central,Khadi and Village Industries Commission,Village-industry entrepreneurs / artisans,Any,Varies by programme,India,Varies,Any / targeted groups,Khadi / village industries,New / Existing,"Finance, training and support for eligible village-industry units and entrepreneurs",Loan / grant / training,Varies,Varies,KVIC / implementing channels,https://www.kviconline.gov.in/,https://www.myscheme.gov.in/search/ministry/Ministry%20Of%20Micro%2C%20Small%20and%20Medium%20Enterprises,2026-09-04,Prototype dataset; verify current scheme guidelines before production use.,KVIC
SS-0018,Andhra Pradesh MSME Incentives,State,Government of Andhra Pradesh - Industries & Commerce,MSMEs / entrepreneurs setting up eligible units in AP,Any; enhanced incentives for certain categories,As per policy,Andhra Pradesh,As per policy,Women / SC/ST / BC / Minority / Special categories may receive enhanced incentives,Manufacturing / eligible sectors,New / Expansion depending on incentive,"State industrial incentives including capital subsidy, power-cost reimbursement and other benefits under applicable policy",Capital subsidy / reimbursement / incentives,As per current AP policy,As per current policy,AP Industries / DIC,https://www.apindustries.gov.in/Incentives/,https://tirupati.ap.gov.in/district-industries-centre/,2026-09-04,Prototype dataset; verify current scheme guidelines before production use.,AP-MSME
SS-0019,Andhra Pradesh Food Processing Policy 4.0 (2024),State,Government of Andhra Pradesh,Food-processing enterprises / entrepreneurs,As per policy,As per policy,Andhra Pradesh,As per policy,Women/BC/SC/ST/specially-abled local-domicile enterprises may receive additional subsidy,Food processing,New / Expansion as per policy,"Incentives for food-processing enterprises, including additional support for specified categories",Capital subsidy / incentives,As per policy,As per policy,AP Industries / policy implementation channels,https://www.apsdps.ap.gov.in/Policies/AP%20Food%20Processing%20Policy%204.0%20-%202024INDS_33735_MS71.pdf,https://www.apsdps.ap.gov.in/Policies/AP%20Food%20Processing%20Policy%204.0%20-%202024INDS_33735_MS71.pdf,2026-09-04,Prototype dataset; verify current scheme guidelines before production use.,AP-FP-4
SS-0020,Andhra Yuva Shakti (AYS),State,SEEDAP / Government of Andhra Pradesh,Young people seeking entrepreneurship/self-employment in Agri & Allied activities,Verify current guideline,Verify current guideline,Andhra Pradesh,Youth-focused,Youth / eligible target groups,Agri & allied activities,New / self-employment,Nurtures young talent to become entrepreneurs and self-employed in agriculture and allied activities,Entrepreneurship / self-employment support,Verify current guideline,Verify current guideline,SEEDAP,https://seedap.ap.gov.in/,https://seedap.ap.gov.in/,2026-09-04,Prototype dataset; verify current scheme guidelines before production use.,AYS
SS-0021,SFURTI (Scheme of Fund for Regeneration of Traditional Industries),Central,Ministry of MSME,"Traditional artisans, rural craftspeople, self-help groups, and khadi/village industry clusters",Any,18+,All India,Not specified,Any (Special priority for SC/ST and women artisan clusters),"Traditional arts, crafts, agro-processing, bamboo, honey, coir, and village industries",Cluster development / Existing and new artisan producer groups,"Artisans, rural collectives, and implementing agencies forming common facility centers (CFCs) and marketing clusters",Grant-in-aid / Cluster Infrastructure Support,Up to ₹2.5 Crore for Regular Clusters (up to 500 artisans) and up to ₹5 Crore for Major Clusters,"Cluster proposal, Aadhaar, PAN, Society/Trust registration, Detailed Project Report (DPR), Member artisan list","Online via SFURTI Portal / Nodal Agencies (KVIC, Coir Board, IIE)",https://sfurti.msme.gov.in/,https://sfurti.msme.gov.in/,2026-09-10,Official MSME flagship cluster development scheme providing 90% grant funding for infrastructure and technical support.,SCH008
SS-0022,"ASPIRE (Scheme for Promotion of Innovation, Rural Industries and Entrepreneurship)",Central,Ministry of MSME,"Rural youth, rural startups, agro-rural entrepreneurs, and livelihood business incubators",Any,18+,All India,Not specified,Any,"Agro-rural industries, food processing, rural technology, and livelihood incubation",New / Incubation / Early-stage enterprise,Institutions and entrepreneurs setting up Livelihood Business Incubators (LBI) and Technology Business Incubators (TBI),Incubation Grant / Seed Capital / Technology Support,"Up to ₹1 Crore for government LBIs, up to ₹50 Lakhs for private LBIs, and up to ₹1 Crore for TBIs","Institutional registration, DPR, Incubator infrastructure plan, Aadhaar, PAN, Bank mandate",Online via ASPIRE MSME Portal,https://aspire.msme.gov.in/,https://aspire.msme.gov.in/,2026-09-10,"Fosters rural entrepreneurship by providing incubation, skilling, and seed funding for rural livelihood enterprises.",SCH009
SS-0023,Entrepreneurship and Skill Development Programme (ESDP),Central,Ministry of MSME,"Aspiring entrepreneurs, youth, women, SC/ST, and rural potential entrepreneurs",Any,18+,All India,Not specified,"Any (No course fees for SC, ST, Women, and PwD participants)","Manufacturing, technical services, digital trades, and agro-allied small businesses",New / Aspiring entrepreneurs,Indian citizens aged 18+ seeking vocational and managerial skills to establish new micro-enterprises,Stipend-supported Skill & Entrepreneurship Training / Mentorship,100% free government training with industrial toolkits and enterprise establishment mentorship,"Aadhaar Card, Passport photo, Educational qualification certificate, Caste certificate (if applicable)",MSME Development & Facilitation Offices (DFOs) / Online ESDP portal,https://dcmsme.gov.in/schemes/esdp.aspx,https://dcmsme.gov.in/,2026-09-10,Conducts tailored Entrepreneurship Awareness Programmes (EAP) and Management Development Programmes (MDP).,SCH010
SS-0024,Assistance to Training Institutions (ATI),Central,Ministry of MSME,National and state-level entrepreneurship training institutions and enterprise capacity builders,Any,Not applicable (Institutional),All India,Not specified,Any,"Entrepreneurship training, skill infrastructure, and enterprise capacity building",Institutional enhancement / Capacity development,"State and Central government training institutions, universities, and registered non-profit training bodies",Capital Grant for Infrastructure & Skill Equipment,Financial assistance up to ₹2.5 Crore for upgrading infrastructure and modern training labs,"Institutional registration, Detailed proposal, Audited financial statements of 3 years, Land ownership proof",Through Ministry of MSME ATI Portal,https://msme.gov.in/assistance-to-training-institutions,https://msme.gov.in/,2026-09-10,Strengthens institutional training capacity to produce certified micro and small enterprise founders.,SCH011
SS-0025,Micro & Small Enterprises Cluster Development Programme (MSE-CDP),Central,Ministry of MSME,"Micro and small enterprise clusters, industrial associations, and SPVs",Any,Not applicable (Cluster SPV),All India,Not specified,Any (Enhanced funding of 80% for clusters with >50% SC/ST or women MSEs),"Manufacturing, engineering, textiles, leather, ceramics, chemicals, and specialized craft clusters",Existing MSE clusters expanding infrastructure and common facilities,Special Purpose Vehicles (SPVs) consisting of at least 20 MSE units in a geographically proximate cluster,Capital Grant for Common Facility Centers (CFC) and Infrastructure Upgradation,"Up to 70-80% grant assistance, capped at ₹30 Crore per Common Facility Center project","SPV incorporation documents, DPR, Land allotment, Member MSE list, Bank term loan sanction",State Directorate of Industries / Online MSE-CDP portal,https://cluster.msme.gov.in/,https://cluster.msme.gov.in/,2026-09-10,"Flagship cluster development scheme providing state-of-the-art testing, design, and manufacturing infrastructure.",SCH013
SS-0026,"MSME Innovative – Incubation, Design & IPR",Central,Ministry of MSME,"Innovative micro, small, and medium entrepreneurs, student innovators, and design startups",Any,18+,All India,Not specified,Any,"High-tech innovation, product design, engineering, software, patents, and hardware","Idea validation, Proof of Concept, Design development, and Patent commercialization","Udyam-registered MSMEs and individual innovators partnered with recognized Host Institutes (IITs, NITs, etc.)",Grant-in-aid / Seed Grant / Patent Reimbursement,"Up to ₹15 Lakhs per idea for Incubation, up to ₹40 Lakhs for Design projects, and up to ₹5 Lakhs for Foreign Patents","Udyam Registration, Innovation proposal, Host Institute endorsement, Budget breakdown, IP proof",Online via MSME Champions / Innovative portal,https://innovative.msme.gov.in/,https://innovative.msme.gov.in/,2026-09-10,"Combines Incubation, Design, and Intellectual Property Rights (IPR) support into a single innovation continuum.",SCH014
SS-0027,MSME Competitive (LEAN) Scheme,Central,Ministry of MSME,"Manufacturing micro, small, and medium enterprises seeking operational efficiency",Any,Not applicable (Enterprise),All India,Not specified,Any (Enhanced 90% subsidy for women/SC/ST owned MSEs),Manufacturing and industrial production units,Existing manufacturing units aiming to eliminate waste and boost productivity,"Udyam-registered MSME manufacturing units willing to implement 5S, Kaizen, Kanban, and TPM techniques",Government Consultant Cost Subsidy (up to 90%),"Government pays up to 90% of implementation and consultant fees for Basic, Intermediate, and Advanced LEAN levels","Udyam Registration Certificate, Bank Account details, Factory license / production evidence, LEAN pledge",Online via MSME Champions / LEAN portal,https://lean.msme.gov.in/,https://lean.msme.gov.in/,2026-09-10,"Drastically reduces manufacturing waste, defect rates, and inventory carrying costs through certified LEAN consultants.",SCH015
SS-0028,MSME Sustainable (ZED) Certification Scheme,Central,Ministry of MSME,Manufacturing MSMEs striving for Zero Defect Zero Effect environmental sustainability,Any,Not applicable (Enterprise),All India,Not specified,"Any (80% subsidy for Micro, 60% for Small, 50% for Medium; additional 10% for Women/SC/ST)",Manufacturing enterprises across all sectors,Existing manufacturing enterprises,Udyam-registered manufacturing MSMEs committed to quality standards and environmental sustainability,Certification Cost Subsidy & Handholding Support,Up to ₹5 Lakhs for handholding consultancy + up to 80-90% subsidy on certification assessment fees,"Udyam Registration, Self-assessment submission, Environmental and safety compliance proofs, Bank details",Online via ZED MSME portal,https://zed.msme.gov.in/,https://zed.msme.gov.in/,2026-09-10,"Provides Bronze, Silver, and Gold level ZED certification, lowering interest rates and boosting public procurement eligibility.",SCH016
SS-0029,Procurement and Marketing Support (PMS) Scheme,Central,Ministry of MSME,Micro and small manufacturing & service enterprises seeking market access and trade fairs,Any,18+,All India,Not specified,Any (100% stall rent reimbursement for SC/ST/Women/NER/PwD entrepreneurs),"Manufacturing, services, and craft enterprises",Existing operating enterprises with commercial products,"Udyam-registered MSEs participating in state, national, and international exhibitions or trade fairs",Stall Rent Reimbursement / Travel Allowance / Barcode Subsidy,"Up to ₹1.5 Lakhs for national trade fairs, up to ₹3.5 Lakhs for international expos, and up to ₹50,000 for e-commerce onboarding","Udyam Registration, Stall booking receipts, Photographs of exhibition booth, Cancelled cheque, Travel tickets",Online via MSME Champions PMS portal,https://my.msme.gov.in/MyMsme/PMS/PMS_Home.aspx,https://my.msme.gov.in/,2026-09-10,"Reimburses exhibition space rent, airfare, and digital cataloging costs to connect small businesses directly to corporate buyers.",SCH017
SS-0030,MSME TEAM (Trade Enablement & Marketing Initiative for E-commerce),Central,Ministry of MSME / ONDC,"Micro and small enterprises, artisans, and retailers onboarding onto Open Network for Digital Commerce (ONDC)",Any,18+,All India,Not specified,Any (Special digital onboarding drives for Women and SC/ST micro-enterprises),"Retail, manufacturing, food, apparel, handicraft, and consumer goods",New to digital commerce / Existing offline businesses transitioning online,"Udyam-registered MSEs seeking catalog creation, warehousing, packaging, and digital integration onto ONDC",Direct Digital Subsidy / Cataloging & Packaging Financial Support,"Financial assistance up to ₹50,000 per enterprise for digital cataloging, photography, and seller app integration","Udyam Registration, GSTIN (if applicable), Bank account proof, Product portfolio pictures, PAN",Online via ONDC / MSME TEAM onboarding portal,https://ondc.org/msme-team,https://msme.gov.in/,2026-09-10,Democratizes e-commerce for 5 lakh micro-enterprises by subsidizing digital onboarding and logistics fees on ONDC.,SCH018
SS-0031,MSE GIFT (Green Investment and Financing for Transformation),Central,SIDBI / Ministry of MSME,Micro and small enterprises adopting energy-efficient and green technologies,Any,Not applicable (Enterprise),All India,Not specified,Any,"Manufacturing and industrial services adopting rooftop solar, heat pumps, energy-saving machinery",Existing operating enterprises investing in clean energy transition,Udyam-registered MSEs with minimum 2 years of profitable operations undertaking green transformation projects,Concessional Interest Rate Term Loan & Capital Subvention,Term loans up to ₹5 Crore at highly concessional interest rates with up to 10% capital incentive for green milestones,"Udyam Registration, Energy audit report / green equipment quotation, Audited financial statements, Bank mandate",Online via SIDBI Green Finance Portal,https://www.sidbi.in/en/green-finance,https://www.sidbi.in/,2026-09-10,"Provides attractive sub-market interest rates to finance rooftop solar panels, energy-efficient boilers, and EV fleet integration.",SCH019
SS-0032,MSE SPICE (Scheme for Promotion and Investment in Circular Economy),Central,Ministry of MSME / SIDBI,"MSEs engaged in recycling, waste-to-energy, circular material recovery, and sustainable packaging",Any,Not applicable (Enterprise),All India,Not specified,Any,"Recycling, plastic alternatives, bio-degradable packaging, scrap valorization, and circular economy",New enterprise or existing units upgrading to zero-waste production,MSEs certified by state pollution control boards or working on validated circular economy production lines,Subsidized Credit / Capital Grant for Clean Machinery,"Up to 25% capital subsidy on circular processing machinery, capped at ₹50 Lakhs","Pollution Control Board clearances, Machinery quotations, Udyam Registration, DPR on waste reduction",Through SIDBI and Partner Member Lending Institutions,https://www.sidbi.in/,https://msme.gov.in/,2026-09-10,Incentivizes industrial closed-loop recycling and sustainable packaging to reduce industrial environmental footprints.,SCH020
SS-0033,MSE ODR (Online Dispute Resolution) / Samadhaan Portal,Central,Ministry of MSME,"Micro and small suppliers facing delayed payments from medium, large, or government buyers",Any,Not applicable (Supplier enterprise),All India,Not specified,Any,All goods and services supplied by registered micro and small enterprises,Operating suppliers with overdue receivables exceeding 45 days,Udyam-registered micro and small enterprises with valid purchase orders and invoices overdue past 45 days,Statutory Compound Interest Enforcement & Dispute Conciliation,Mandatory statutory interest at three times the RBI bank rate compounded with monthly rests for delayed payments,"Udyam Registration, Copy of Work Order/Purchase Order, Invoices, Delivery challan/proof of delivery, PAN",Online filing on MSME Samadhaan Portal,https://samadhaan.msme.gov.in/,https://samadhaan.msme.gov.in/,2026-09-10,Legally backed quasi-judicial mechanism ensuring micro businesses recover dues without costly civil litigation.,SCH021
SS-0034,MSME Champions Scheme,Central,Ministry of MSME,"High-potential micro, small, and medium enterprises seeking global competitiveness and digital transformation",Any,Not applicable,All India,Not specified,Any,"Manufacturing, advanced engineering, precision exports, and high-value technical services",Growth-stage MSMEs scaling to become national and global champion brands,"Enterprises with proven growth trajectory willing to integrate ERP, advanced automation, and quality certifications",End-to-end Modernization Grant / Export Handholding,"Holistic modernization support combining LEAN, ZED, and Design subsidies with priority credit guarantees","Udyam Registration, Export-Import Code (IEC) if applicable, 3-year balance sheets, Growth proposal",Online via MSME Champions Portal,https://champions.gov.in/,https://champions.gov.in/,2026-09-10,"Unified portal addressing grievance resolution, business advisory, and enterprise scale-up to build national manufacturing champions.",SCH022
SS-0035,Establishment of New Technology Centres / Extension Centres,Central,Ministry of MSME,"Industrial MSMEs, toolrooms, technicians, engineering students, and precision manufacturers",Any,18+,All India,Not specified,Any,"Precision toolmaking, dies, moulds, CNC machining, additive manufacturing, and robotics","Skill upgrading, prototyping, and precision tooling support","MSMEs needing advanced CAD/CAM, CNC tooling, calibration, and 3D printing services without high capital investment",Subsidized Precision Prototyping & Advanced Technical Skilling,"Direct access to multi-crore precision CNC machineries, testing labs, and certified industrial diplomas at nominal fees","Udyam Registration, Technical drawing / CAD model, Aadhaar, Application form",Walk-in or online booking through designated regional MSME Technology Centres,https://dcmsme.gov.in/tc.aspx,https://dcmsme.gov.in/,2026-09-10,Network of 18 Central Tool Rooms and Technology Centres assisting thousands of industrial suppliers with aerospace and auto tooling.,SCH023
SS-0036,Coir Vikas Yojana (CVY),Central,Coir Board / Ministry of MSME,"Coir workers, coir yarn spinners, coir mat manufacturers, and rural women coir cooperatives",Any (Major component specifically dedicated to rural women artisans),18+,"Coir producing states (Kerala, Tamil Nadu, Andhra Pradesh, Karnataka, Odisha, etc.) and Pan-India",Not specified,Any,"Coir extraction, mechanized spinning, coir geotextiles, coir pith blocks, and eco-friendly handicrafts",New enterprise setup / Modernization of traditional coir units,"Individual coir artisans, cooperatives, and small entrepreneurs modernizing coir production",Machinery Subsidy / Skill Training Stipend / Welfare Support,Up to 75% subsidy on motorized coir spinning rats and automatic coir processing machinery,"Aadhaar, Bank passbook, Coir Board registration / recommendation, Quotation of authorized machinery",Online via Coir Board Portal / Regional Coir Board Offices,https://coirboard.gov.in/?page_id=255,https://coirboard.gov.in/,2026-09-10,"Umbrella scheme comprising Skill Upgradation, Mahila Coir Yojana, and Modernization of Coir Units.",SCH025
SS-0037,National Handicrafts Development Programme (NHDP),Central,"Development Commissioner (Handicrafts), Ministry of Textiles","Traditional handicraft artisans, craft master trainers, and recognized artisan self-help groups",Any,18+,All India,Not specified,Any,"Metalware, hand-printed textiles, woodcraft, pottery, stone carving, zardozi, and indigenous crafts",Artisan empowerment / Production and direct marketing,Artisans possessing a valid Pehchan Artisan Identity Card issued by the DC (Handicrafts),Free Modern Toolkits / Daily Training Stipend / Exhibition Stall Reimbursement,"100% free toolkits worth up to ₹25,000 + Daily training allowance + Free exhibition stalls at Dilli Haat and urban craft bazaars","Pehchan Artisan Card, Aadhaar Card, Bank Account Details, Craft sample photographs",Online via DC Handicrafts Portal / Service Centres,https://handicrafts.nic.in/,https://handicrafts.nic.in/,2026-09-10,Eliminates exploitative middlemen by issuing Pehchan cards and booking free exhibition stalls at premier national craft expos.,SCH027
SS-0038,Comprehensive Handicrafts Cluster Development Scheme (CHCDS),Central,"Development Commissioner (Handicrafts), Ministry of Textiles","Mega artisan clusters (minimum 10,000 artisans) and regional craft apex societies",Any,Not applicable (Mega Cluster),"Identified handicraft mega clusters across India (Varanasi, Jodhpur, Moradabad, Narsapur, etc.)",Not specified,Any,"Metal craft, hand-block printing, lace-making, carpet weaving, and stone sculpture clusters",Mega cluster infrastructure and export development,Special Purpose Vehicles (SPVs) representing thousands of artisans in recognized heritage craft regions,"Capital Grant for Raw Material Banks, Testing Labs, and Design Studios",Central grant assistance up to ₹50 Crore per mega handicraft cluster,"SPV Registration, Detailed Project Report, Land possession certificate, Cluster baseline survey",Through Ministry of Textiles Project Approval Committee,https://handicrafts.nic.in/page.aspx?mid=47,https://handicrafts.nic.in/,2026-09-10,"Creates world-class craft parks, raw material warehouses, and export logistics hubs in historic craft centers.",SCH028
SS-0039,Credit Guarantee Scheme for Startups (CGSS),Central,"NCGTC / DPIIT, Ministry of Commerce & Industry",DPIIT-recognized startups requiring collateral-free debt from banks and venture debt funds,Any,Founder 18+,All India,Not applicable,Any,"Technology, biotech, clean energy, enterprise SaaS, hardware, and innovative consumer ventures",DPIIT-recognized early-stage and growth startups with validated business model,DPIIT-recognized startups with stable business model and no willful default history,Collateral-free Credit Guarantee for Bank Loans & Venture Debt,Credit guarantee coverage up to ₹10 Crore per eligible startup across term loans and working capital,"DPIIT Recognition Certificate, Audited financials, Business plan, Board resolution, Pitch deck","Through Member Lending Institutions (Scheduled Commercial Banks, AIFs, NBFCs)",https://www.ncgtc.in/en/schemes/cgss,https://www.startupindia.gov.in/,2026-09-10,Provides 75% to 85% transaction guarantee coverage so innovative founders can secure bank debt without mortgaging family property.,SCH030
SS-0040,Startup India Fund of Funds 2.0 (FFS),Central,"SIDBI / DPIIT, Ministry of Commerce & Industry",DPIIT-recognized startups raising institutional equity funding from SEBI-registered Alternative Investment Funds (AIFs),Any,Founder 18+,All India,Not applicable,Any,"High-growth innovation, deeptech, healthtech, agritech, robotics, and clean tech startups",Seed to Series A and Series B institutional equity rounds,Innovative startups recognized by DPIIT raising venture rounds through participating venture capital funds,Indirect Venture Capital Equity Infusion through SEBI-registered AIFs,Venture capital equity infusions typically ranging from ₹1 Crore to ₹25 Crore per startup round,"DPIIT Certificate, Pitch Deck, Cap table, Term sheet, Due diligence disclosures",Through SIDBI-partnered Venture Capital Funds (AIFs),https://www.startupindia.gov.in/content/sih/en/fund-of-funds-scheme.html,https://www.startupindia.gov.in/,2026-09-10,"Government-backed ₹10,000 Crore corpus managed by SIDBI to anchor institutional risk capital in Indian tech startups.",SCH031
SS-0041,NIDHI Seed Support Program (NIDHI-SSP),Central,Department of Science and Technology (DST),Tech startups and science-based innovators incubated at DST-supported Technology Business Incubators (TBIs),Any,18+,All India,Not applicable,Any,"Deep technology, healthcare, smart hardware, biotech, clean energy, and artificial intelligence",Early-stage commercialization / Product-market fit testing,Startups resident in a DST-approved TBI for at least 3 months with a functional working prototype,Seed Debt / Convertible Debenture / Equity Capital,Seed funding up to ₹1 Crore per eligible startup company,"TBI Incubation agreement, Prototype demo video, Technical feasibility report, Financial projections",Through DST-recognized Technology Business Incubators (TBIs),https://dst.gov.in/nidhi-seed-support-system-ssp,https://dst.gov.in/,2026-09-10,Bridges the difficult valley-of-death gap between university lab validation and commercial scale-up.,SCH032
SS-0042,NIDHI-PRAYAS (PRomoting and Accelerating Young and ASpiring innovators & startups),Central,Department of Science and Technology (DST),"Individual student innovators, hobbyists, hardware tinkerers, and early-stage prototype creators",Any,18+,All India,Not specified,Any,"Physical hardware products, IoT, medical devices, robotics, agricultural machinery, and green engineering",Idea stage to working physical proof-of-concept prototype,Individual innovators or teams with a novel physical product concept requiring maker-lab prototyping support,Prototyping Grant-in-aid (No equity / 100% grant),Up to ₹10 Lakhs pure grant funding + Free access to PRAYAS Centre digital fabrication maker labs,"Aadhaar Card, Idea blueprint, Prototyping milestone plan, Mentor recommendation","Online via designated NIDHI-PRAYAS Centres (such as SINE IIT Bombay, Venture Center Pune, etc.)",https://www.nidhi-prayas.org/,https://dst.gov.in/,2026-09-10,100% non-dilutive grant enabling aspiring engineers to turn paper concepts into functional hardware prototypes within 18 months.,SCH033
SS-0043,Biotechnology Ignition Grant (BIG),Central,"BIRAC, Department of Biotechnology (DBT)","Biotech innovators, biomedical scientists, medical doctors, pharma startups, and bio-entrepreneurs",Any,18+,All India,Not applicable,Any,"Healthcare diagnostics, drug discovery, biopharma, agribiotech, industrial enzymes, and clean bio-energy",Proof of concept establishment for biotech ideas,Biotech entrepreneurs or startups under 5 years old with minimum 51% Indian citizen ownership,Pure Grant-in-aid (No equity taken),Non-dilutive grant up to ₹50 Lakhs over an 18-month duration,"Scientific proposal, Lab feasibility data, Biosafety compliance statement, Founders' scientific CVs, Incorporation certificate","Online via BIRAC Portal through designated BIG Partners (C-CAMP, FITT, IKP, etc.)",https://birac.nic.in/desc_new.php?id=217,https://birac.nic.in/,2026-09-10,"India's premier early-stage biotech grant, instrumental in launching hundreds of leading Indian healthcare and diagnostics firms.",SCH034
SS-0044,AgriSURE – Agri Fund for Start-ups & Rural Enterprises,Central,NABARD / Ministry of Agriculture & Farmers Welfare,"Agritech startups, Farmer Producer Organizations (FPOs), and rural supply-chain innovators",Any,18+,All India,Not applicable,Any,"Precision farming, drone spraying, cold-chain logistics, solar cold storage, and farm output processing",Early-stage and growth agritech ventures transforming rural agricultural value chains,Registered startups developing technology solutions that enhance farmer incomes and streamline agricultural logistics,Equity Infusion / Blended Capital / Sectoral Debt Support,Up to ₹25 Crore fund support combining equity capital with technology commercialization incentives,"DPIIT registration, Agritech DPR, Field trial reports, Financial model, Proof of farmer engagement",Through NABVENTURES / NABARD AgriSURE Window,https://www.nabard.org/content1.aspx?id=1833&catid=23&subcatid=588,https://www.nabard.org/,2026-09-10,Recently launched ₹750 Crore blended capital fund by NABARD to modernize rural farm gates and post-harvest infrastructure.,SCH035
SS-0045,RKVY-RAFTAAR Innovation & Agri-Entrepreneurship,Central,Ministry of Agriculture & Farmers Welfare,"Agripreneurs, rural youth, agricultural graduates, and farm-based micro startups",Any,18+,All India,Not specified,Any,"Organic farming, post-harvest storage, bio-fertilizers, dairy processing, and farm robotics",Ideation (Pre-seed) to Seed stage agri-enterprises,"Selected agri-innovators undergoing mandatory 2-month training at designated Knowledge Partners (IARI, CCSHAU, etc.)",Non-dilutive Grant-in-aid,Up to ₹5 Lakhs for Idea stage (Agripreneurship orientation) and up to ₹25 Lakhs for Seed stage startups,"Aadhaar Card, Agri-business pitch deck, Educational proofs, Knowledge Partner incubation certificate",Online via RKVY-RAFTAAR partner agribusiness incubators,https://rkvy.nic.in/,https://rkvy.nic.in/,2026-09-10,Offers structured 2-month residential mentorship with guaranteed financial stipends followed by direct grant disbursement.,SCH036
SS-0046,"SAMRIDH – Startup Accelerator of MeitY for Product Innovation, Development & Growth",Central,Ministry of Electronics & Information Technology (MeitY),"Software product startups, SaaS enterprises, and digital hardware ventures ready for market acceleration",Any,Founder 18+,All India,Not applicable,Any,"Software products, artificial intelligence, IoT, fintech, edtech, and enterprise software",Proven MVP with initial customer traction seeking customer acquisition and investor capital,"Startups with an existing working software product, initial paying users, and selected by a MeitY-empanelled accelerator",Matching Government Acceleration Grant (up to ₹40 Lakhs),Up to ₹40 Lakhs matching government grant matched 1:1 with accelerator investment + 6-month intensive scaling cohort,"DPIIT Recognition, Software architecture deck, User metrics/MRR proof, Accelerator selection letter",Online via MeitY Startup Hub (MSH) portal,https://msh.meity.gov.in/schemes/samridh,https://msh.meity.gov.in/,2026-09-10,Fast-tracks 300 Indian software startups to scale into international unicorns with matched government funding.,SCH037
SS-0047,GENESIS – Gen-Next Support for Innovative Startups,Central,Ministry of Electronics & Information Technology (MeitY),Tech startups emerging from Tier-II and Tier-III cities across India,Any,18+,Tier-II and Tier-III cities across all Indian states,Not applicable,Any,"Digital products, local language AI, regional commerce, smart electronics, and cyber security",Early-stage technology ventures in non-metro regions,Technology startups headquartered and operating in Tier-II or Tier-III locations,Financial Seed Support / Digital Infrastructure Credit / National Mentorship,Financial support packages up to ₹25 Lakhs per startup alongside free cloud and devtool credits,"Company registration, Office address proof in Tier-II/III city, Pitch presentation, Founder Aadhaar",Online via MeitY Startup Hub GENESIS portal,https://msh.meity.gov.in/schemes/genesis,https://msh.meity.gov.in/,2026-09-10,Specialized ₹490 Crore national umbrella program created to build robust tech startup hubs beyond major metropolitan cities.,SCH038
SS-0048,iDEX – Innovations for Defence Excellence,Central,"Defence Innovation Organisation (DIO), Ministry of Defence","Defence startups, aerospace innovators, MSMEs, and individual engineering inventors",Any,18+,All India,Not applicable,Any,"Defence tech, drones, counter-UAS, satellite communication, secure cryptography, and tactical gear",Prototype development to trial testing for Armed Forces deployment,Indian MSMEs or startups with Indian founders proposing innovative solutions to published military challenges,Grant-in-aid through DISC / Prime Challenges,"Up to ₹1.5 Crore under standard iDEX challenges, and up to ₹10 Crore under iDEX Prime for major prototypes","DPIIT or MSME registration, Detailed technical solution document, Security clearance declarations, Test results",Online via official iDEX Portal,https://idex.gov.in/,https://idex.gov.in/,2026-09-10,"Provides direct procurement pathways with Indian Army, Navy, and Air Force with milestone-based non-dilutive grants.",SCH039
SS-0049,NSFDC Term Loan Scheme,Central,National Scheduled Castes Finance & Development Corporation (NSFDC),Scheduled Caste (SC) individuals and entrepreneurs living below double the poverty line,Any,18 to 50 years,All India,"Family income up to ₹3,00,000 per annum in rural/urban areas",Scheduled Caste (SC),"Transport, retail shop, small manufacturing, service center, dairy, and agriculture",New business establishment or expansion of existing micro-enterprise,SC applicants with valid caste and income certificates seeking term credit for income-generating assets,Highly Concessional Term Loan with Interest Subsidy,Term loans up to ₹50 Lakhs at subsidized interest rates (as low as 6% per annum),"Caste Certificate, Income Certificate, Aadhaar Card, Project Quotation/Invoice, Bank account details","State Channelizing Agencies (SCAs), RRBs, and Nationalized Banks",https://nsfdc.nic.in/en/term-loan,https://nsfdc.nic.in/,2026-09-10,Offers generous repayment tenures up to 5 to 10 years with extended moratorium periods for asset creation.,SCH040
SS-0050,NSFDC Micro Finance Scheme,Central,National Scheduled Castes Finance & Development Corporation (NSFDC),"Scheduled Caste micro-entrepreneurs, small street vendors, and women self-help group members",Any (Special focus on SC women members of Self-Help Groups),18 to 50 years,All India,"Annual family income up to ₹3,00,000",Scheduled Caste (SC),"Micro retail, vegetable vending, tailoring, handicrafts, food stalls, and petty shops",New or existing micro livelihood activity,SC individuals or members of SHGs requiring immediate micro-credit for working capital,Subsidized Micro-Credit Loan,"Loans up to ₹1,40,000 per beneficiary at interest rates of just 5% per annum","Aadhaar Card, SC Certificate, Income proof, SHG membership proof (if applicable), Bank passbook",Through State Channelizing Agencies (SCAs) and designated Micro-Finance Partner Institutions,https://nsfdc.nic.in/en/micro-credit-finance,https://nsfdc.nic.in/,2026-09-10,Direct collateral-free micro-credit protecting vulnerable artisans and street vendors from predatory local moneylenders.,SCH041
